ts	phase	decision	why	evidence	result
2026-09-16T00:00:00-04:00	frame	Create petzkod5/rsdw-c2 as a focused first draft	The requested first release omits backups and integrations and concentrates on metrics, logs, uptime, restart, image updates, and update detection	README.md; ARCHITECTURE.md	VERIFIED
2026-09-16T00:00:00-04:00	design	Use one Go stdlib service with embedded static UI and Helm/kubectl orchestration	The API model, UI actions, and Kubernetes contract share one boundary; a single owner keeps the mutation path auditable	ARCHITECTURE.md; main.go	VERIFIED
2026-09-16T00:00:00-04:00	design	Persist server state as a small atomic JSON journal	The platform needs restart-safe inventory and event history without adding a database dependency	main.go StateStore; main_test.go	VERIFIED
2026-09-16T00:00:00-04:00	ui	Apply a dense dark operations-console design with accessible controls	The supplied mockups call for an operator-first console; the design system adds visible focus, semantic status colors, and reduced-motion support	design-system/rsdw-command-and-control/MASTER.md; web/styles.css	VERIFIED
2026-09-16T00:00:00-04:00	implementation	Expose dashboard, telemetry, events, and maintenance flows	These pages cover the requested first-draft lifecycle while intentionally leaving backups and integrations out	web/index.html; web/app.js; main.go	VERIFIED
2026-09-16T00:00:00-04:00	fix	Serve embedded web assets from the embedded web root	The first local check exposed a filesystem-root mismatch; fs.Sub now serves the actual UI root	main.go; scripts/verify.sh	VERIFIED
2026-09-16T00:00:00-04:00	fix	Generate an in-cluster kubeconfig when the service-account environment is present	The Helm deployment runs inside Kubernetes and needs Helm/kubectl to authenticate without a host kubeconfig	main.go configureInClusterKubeconfig; main_test.go; charts/rsdw-c2/templates/rbac.yaml	VERIFIED by unit and render checks
2026-09-16T00:00:00-04:00	fix	Require an admin token outside demo mode and at chart install time	The service can create, restart, update, and read server data; unauthenticated production access is unsafe	main.go; charts/rsdw-c2/templates/deployment.yaml; README.md	VERIFIED by auth tests and required-secret render checks
2026-09-16T00:00:00-04:00	fix	Refresh live game health, player count, uptime, and registry semver tags	Stored demo values cannot represent the live server; the operator needs current state before acting	main.go; main_test.go; web/app.js	VERIFIED by API command, telemetry, and semver tests
2026-09-16T00:00:00-04:00	verification	Exercise each visible UI action through a browser pass	The request requires no inert controls; the browser matrix records the observed route, modal, toast, or state transition for each control	verification/ui-checks.md	VERIFIED
2026-09-16T00:00:00-04:00	verification	Run a one-control-plane kind deployment smoke test	Kubernetes deployment behavior should be tested, but Docker is unavailable to this workspace and the remote context must not be touched	scripts/kind-smoke.sh	INCONCLUSIVE: Docker permission denied
